Band 01,Band 02,Band 03,Band 04,Band 05,Band 06,Band 07,Band 08,Band 8A,Band 09,Band 11,Band 12,Crop ID
0.1059999987,0.0957999974,0.1262000054,0.11240000280000001,0.1519999951,0.2694000006,0.32199999690000003,0.295599997,0.3404000103,0.2446999997,0.181400001,0.3391000032,0.0
0.0847000033,0.0763999969,0.09520000220000001,0.0975999981,0.1613000035,0.31830000880000003,0.3876999915,0.3639999926,0.37450000640000003,0.27669999,0.1879999936,0.400000006,0.0
0.0127999997,0.010300000200000001,0.0414000005,0.026499999700000002,0.07599999760000001,0.2169999927,0.27340000870000003,0.266200006,0.2696999907,0.1404999942,0.0784000009,0.2971000075,0.0
0.1469999999,0.1726000011,0.15399999920000002,0.1482000053,0.2031999975,0.3287999928,0.3707999885,0.3497999907,0.440200001,0.2795000076,0.2296999991,0.3883000016,0.0
0.1005000025,0.1340000033,0.1871999949,0.1677999943,0.19910000260000002,0.2953000069,0.3278999925,0.34860000010000003,0.483799994,0.2502999902,0.18549999590000002,0.33539998530000004,0.0
0.0467000008,0.0181000009,0.047299999700000005,0.0289999992,0.0694999993,0.2371000051,0.2890999913,0.2964999974,0.32839998600000003,0.1547999978,0.07620000090000001,0.30869999530000003,0.0
0.0822999999,0.09960000220000001,0.1306000054,0.1137999967,0.1569000036,0.290899992,0.3357000053,0.3382000029,0.3497000039,0.2440000027,0.1608999968,0.3574000001,0.0
0.1071000025,0.1381999999,0.1526000053,0.1301999986,0.17829999330000001,0.3158999979,0.3673000038,0.3628999889,0.3786999881,0.26480001210000004,0.17749999460000002,0.3826999962,0.0
0.11209999770000001,0.0732999966,0.1098000035,0.11240000280000001,0.15569999810000001,0.27610000970000004,0.3258999884,0.2779999971,0.4099000096,0.2389000058,0.1834000051,0.3393999934,0.0
0.0822999999,0.09539999810000001,0.1272000074,0.10719999670000001,0.1569000036,0.290899992,0.3357000053,0.3285999894,0.3497000039,0.2440000027,0.1608999968,0.3574000001,0.0
0.0822999999,0.0930000022,0.12399999800000001,0.1005999967,0.147300005,0.2856000066,0.3289000094,0.33100000020000003,0.3497000039,0.24160000680000002,0.1670999974,0.3465000093,0.0
0.0716999993,0.061799999300000005,0.08139999960000001,0.0693999976,0.1334999949,0.2933000028,0.3508999944,0.3424000144,0.3693999946,0.22650000450000002,0.1439999938,0.3700000048,0.0
0.1469999999,0.1645999998,0.1421999931,0.1462000012,0.1869000047,0.31069999930000003,0.3587000072,0.33100000020000003,0.440200001,0.2696999907,0.2073999941,0.3704999983,0.0
0.0869000033,0.0989999995,0.1299999952,0.11439999940000001,0.1614000052,0.3019999862,0.3454000056,0.3513999879,0.3589000106,0.2452999949,0.1573999971,0.35929998760000004,0.0
0.0998999998,0.1106000021,0.1485999972,0.1335999966,0.19040000440000002,0.3474000096,0.4014999866,0.3939999938,0.4129000008,0.29570001360000003,0.20620000360000001,0.4235999882,0.0
0.029200000700000003,0.0355999991,0.0544000007,0.0357999988,0.0782999992,0.2610000074,0.3382000029,0.30509999390000003,0.36559998990000003,0.1958000064,0.09589999910000001,0.36250001190000003,0.0
0.0693000033,0.1289999932,0.1194000021,0.0931999981,0.1387999952,0.24310000240000001,0.2818000019,0.3249999881,0.3644999862,0.2176000029,0.14839999380000002,0.30270001290000004,0.0
0.0328000002,0.046599999100000004,0.068400003,0.052999999400000004,0.1127000004,0.30500000720000003,0.3813999891,0.35929998760000004,0.35030001400000005,0.22949999570000001,0.1274999976,0.39840000870000003,0.0
0.1303000003,0.1421999931,0.15219999850000002,0.1280000061,0.1638000011,0.2892000079,0.341899991,0.34099999070000003,0.5029000044,0.2484000027,0.2049999982,0.3643999994,0.0
0.1254999936,0.0640999973,0.10819999870000001,0.0900999978,0.1456999928,0.3003999889,0.3747999966,0.3727000058,0.3883000016,0.2644000053,0.1930000037,0.4029000103,0.0
0.1127000004,0.1656000018,0.1710000038,0.1404000074,0.1873999983,0.2912999988,0.337199986,0.3517999947,0.45930001140000004,0.2542000115,0.21140000220000002,0.35429999230000003,0.0
0.0921000019,0.07940000300000001,0.11540000140000001,0.0978000015,0.1490000039,0.2680999935,0.3129000068,0.3260999918,0.35659998660000003,0.24510000650000002,0.16580000520000002,0.3440000117,0.0
0.1127000004,0.11079999800000001,0.15600000320000001,0.1381999999,0.1797000021,0.3415000141,0.4011999965,0.3919999897,0.4241000116,0.27779999380000003,0.1953999996,0.4212000072,0.0
0.029200000700000003,0.0377000012,0.0615000017,0.0372000001,0.0810000002,0.2829000056,0.3522000015,0.3666000068,0.36559998990000003,0.1931000054,0.0975999981,0.3626999855,0.0
0.029200000700000003,0.0364999995,0.0562999994,0.0361000001,0.0810000002,0.2829000056,0.3522000015,0.3142000139,0.36559998990000003,0.1931000054,0.0975999981,0.3626999855,0.0
0.11959999800000001,0.12559999530000002,0.1381999999,0.1268000007,0.17560000720000002,0.2985999882,0.3476999998,0.3370000124,0.3756000102,0.2761999965,0.19709999860000002,0.3734000027,0.0
0.0847000033,0.0784000009,0.1044000015,0.0957999974,0.144600004,0.3167999983,0.3763999939,0.3980999887,0.37450000640000003,0.2556000054,0.1859000027,0.3889999986,0.0
0.0127999997,0.0137999998,0.0425999984,0.0339000002,0.0828000009,0.243599996,0.2852999866,0.2680000067,0.2696999907,0.1491000056,0.0844999999,0.30709999800000004,0.0
0.0998999998,0.1140000001,0.1436000019,0.12940000000000002,0.1852000058,0.3495999873,0.4135999978,0.3986000121,0.4129000008,0.2958999872,0.207100004,0.43309998510000003,0.0
0.0127999997,0.0120000001,0.0399000011,0.0329000019,0.07599999760000001,0.2169999927,0.27340000870000003,0.24680000540000002,0.2696999907,0.1404999942,0.0784000009,0.2971000075,0.0
0.0869000033,0.0989999995,0.1262000054,0.11079999800000001,0.1614000052,0.3019999862,0.3454000056,0.3449999988,0.3589000106,0.2452999949,0.1573999971,0.35929998760000004,0.0
0.0478000008,0.0865999982,0.1262000054,0.1782000065,0.2162999958,0.2845999897,0.3248000145,0.3016000092,0.38980001210000004,0.3777999878,0.293599993,0.3456999958,0.0
0.0315000005,0.0436999984,0.0758000016,0.0443000011,0.0969000012,0.279399991,0.3524000049,0.3528999984,0.36989998820000003,0.21140000220000002,0.10620000210000001,0.3819999993,0.0
0.1059999987,0.1099999994,0.1400000006,0.11519999800000001,0.1474000067,0.2623000145,0.3075000048,0.3204999864,0.3404000103,0.23630000650000002,0.1730999947,0.3350000083,0.0
0.11439999940000001,0.1606000066,0.1371999979,0.12080000340000001,0.1745000035,0.3019999862,0.3515000045,0.35359999540000003,0.4449000061,0.2705999911,0.2099000067,0.37459999320000004,0.0
0.1524000019,0.13940000530000002,0.1664000005,0.1542000026,0.2070000023,0.3537999988,0.4063000083,0.3993999958,0.42500001190000003,0.3147999942,0.2325000018,0.4221999943,0.0
0.028100000700000002,0.029200000700000003,0.0505000018,0.0297999997,0.0797000006,0.2761999965,0.3490000069,0.3407000005,0.3463999927,0.1807000041,0.0860000029,0.3670000136,0.0
0.028100000700000002,0.0324999988,0.059700001,0.0344999991,0.0797000006,0.2761999965,0.3490000069,0.3698000014,0.3463999927,0.1807000041,0.0860000029,0.3670000136,0.0
0.1085999981,0.1230000034,0.1343999952,0.1254000068,0.1520999968,0.2628000081,0.3079000115,0.3230000138,0.3504000008,0.23880000410000002,0.1747000068,0.33230000730000003,0.0
0.1085999981,0.12420000140000001,0.1404000074,0.1230000034,0.1592999995,0.2737999856,0.3242000043,0.33379998800000005,0.3504000008,0.24549999830000002,0.1808000058,0.3411000073,0.0
0.0822999999,0.0882000029,0.10279999670000001,0.08929999920000001,0.1459999979,0.2793000042,0.3332000077,0.3215000033,0.3497000039,0.23549999300000002,0.1715999991,0.34850001340000003,0.0
0.13140000400000001,0.1181999967,0.168599993,0.1576000005,0.19660000500000002,0.31340000030000004,0.35920000080000003,0.3472000062,0.37329998610000004,0.2811999917,0.21649999920000002,0.3754000068,0.0
0.1085999981,0.12659999730000002,0.1444000006,0.1270000041,0.1726000011,0.2991999984,0.3467999995,0.3508999944,0.3504000008,0.2626999915,0.1800000072,0.3628000021,0.0
0.0127999997,0.0124000004,0.0419000015,0.028699999700000003,0.0759000033,0.23299999540000002,0.28670001030000003,0.29019999500000004,0.2696999907,0.1465999931,0.0803999975,0.3089999855,0.0
0.028100000700000002,0.0339000002,0.0527999997,0.0362000018,0.0943000019,0.2511999905,0.3115999997,0.3260999918,0.3463999927,0.2011999935,0.10719999670000001,0.3407999873,0.0
0.1085999981,0.1235999987,0.1418000013,0.12340000270000001,0.1709000021,0.290899992,0.3352000117,0.32839998600000003,0.3504000008,0.2552999854,0.1703999937,0.33930000660000004,0.0
0.1085999981,0.1093999967,0.1338,0.12340000270000001,0.1652999967,0.28040000800000003,0.3172000051,0.3183999956,0.3504000008,0.2498999983,0.1670999974,0.317900002,0.0
0.1309999973,0.1186000034,0.1581999958,0.1431999952,0.1937000006,0.31009998920000004,0.3538999856,0.35060000420000004,0.36759999390000003,0.2806999981,0.21140000220000002,0.3720999956,0.0
0.0326999985,0.049499999700000005,0.0894000009,0.10620000210000001,0.1656000018,0.3723999858,0.4253999889,0.36689999700000003,0.3853000104,0.32030001280000003,0.20620000360000001,0.4404000044,0.0
0.0998999998,0.11240000280000001,0.1386000067,0.1230000034,0.1852000058,0.3495999873,0.4135999978,0.4068999887,0.4129000008,0.2958999872,0.207100004,0.43309998510000003,0.0
0.08139999960000001,0.0954999998,0.0983000025,0.0913999975,0.136500001,0.2745000124,0.3237999976,0.3089999855,0.3397000134,0.2215999961,0.15469999610000001,0.33919999,1.0
0.031199999200000002,0.053700000000000005,0.0737000033,0.0509000011,0.1128000021,0.2779000103,0.33100000020000003,0.31639999150000003,0.2773000002,0.20520000160000001,0.1106000021,0.34560000900000004,1.0
0.2775000036,0.2592000067,0.21420000490000002,0.1873999983,0.26719999310000003,0.35820001360000003,0.394600004,0.38420000670000004,0.9363999963,0.31069999930000003,0.26949998740000003,0.40619999170000004,1.0
0.08139999960000001,0.0901999995,0.08929999920000001,0.0854000002,0.136500001,0.2745000124,0.3237999976,0.3039999902,0.3397000134,0.2215999961,0.15469999610000001,0.33919999,1.0
0.200000003,0.1744000018,0.170599997,0.1547999978,0.20340000090000002,0.3265999854,0.37389999630000004,0.35859999060000003,0.5600000024,0.2845000029,0.25450000170000003,0.3998999894,1.0
0.031199999200000002,0.058899998700000004,0.077200003,0.0582999997,0.1128000021,0.2779000103,0.33100000020000003,0.3177999854,0.2773000002,0.20520000160000001,0.1106000021,0.34560000900000004,1.0
0.1053000018,0.1191999987,0.1333999932,0.1203999966,0.1738999933,0.3075999916,0.36050000790000003,0.3449999988,0.3634000123,0.25189998750000003,0.1871999949,0.3736999929,1.0
0.08139999960000001,0.0951000005,0.0932999998,0.0970999971,0.1518000066,0.2836000025,0.33199998740000003,0.3055999875,0.3397000134,0.22419999540000002,0.1526000053,0.3477999866,1.0
0.1978999972,0.2352000028,0.23919999600000003,0.19220000510000002,0.25389999150000003,0.3779000044,0.4198000133,0.4399000108,0.7760999799,0.3357000053,0.2903999984,0.4451000094,1.0
0.08139999960000001,0.0812999979,0.10279999670000001,0.10419999810000001,0.1518000066,0.2836000025,0.33199998740000003,0.3039999902,0.3397000134,0.22419999540000002,0.1526000053,0.3477999866,1.0
0.1512999982,0.1764000058,0.1811999977,0.1407999992,0.19140000640000002,0.30570000410000003,0.3508999944,0.37029999490000004,0.5141999722,0.2718000114,0.2154999971,0.3761999905,1.0
0.1583999991,0.13639999930000002,0.1632000059,0.1547999978,0.2087000012,0.3445000052,0.4052000046,0.38920000200000004,0.42239999770000003,0.2991000116,0.22650000450000002,0.41949999330000004,1.0
0.1512999982,0.1853999943,0.1938000023,0.1509999931,0.19140000640000002,0.30570000410000003,0.3508999944,0.3774000108,0.5141999722,0.2718000114,0.2154999971,0.3761999905,1.0
0.12420000140000001,0.15000000600000002,0.1581999958,0.1361999959,0.18809999530000002,0.3014999926,0.3463000059,0.35960000750000004,0.5482000113000001,0.24760000410000002,0.1906999946,0.36950001120000003,1.0
0.0412999988,0.0467000008,0.0795999989,0.0731000006,0.127700001,0.3255999982,0.3932000101,0.35960000750000004,0.3388999999,0.2858999968,0.1720999926,0.40810000900000004,1.0
0.12420000140000001,0.15000000600000002,0.15700000520000001,0.134800002,0.1893000007,0.3115999997,0.3573000133,0.3603000045,0.5482000113000001,0.25519999860000003,0.1868000031,0.3677999973,1.0
0.0340999998,0.07500000300000001,0.08160000290000001,0.0644999966,0.1027000025,0.22519999740000002,0.273999989,0.2788000107,0.28749999400000004,0.16689999400000002,0.09390000250000001,0.28540000320000003,1.0
0.0401000008,0.057199999700000004,0.0886000022,0.0971999988,0.1504999995,0.2648999989,0.3059000075,0.2930000126,0.3258999884,0.3537999988,0.24909999970000002,0.3212000132,1.0
0.1512999982,0.1713999957,0.1773999929,0.1254000068,0.1809999943,0.30709999800000004,0.35699999330000004,0.3707000017,0.5141999722,0.2684000134,0.22089999910000002,0.3896000087,1.0
0.0989999995,0.0886000022,0.112999998,0.1067999974,0.1529999971,0.2649999857,0.3136999905,0.2890999913,0.32769998910000003,0.2176000029,0.1652999967,0.3210000098,1.0
0.11599999670000001,0.1645999998,0.16519999500000002,0.135800004,0.186499998,0.2994999886,0.334100008,0.3481000066,0.4884000123,0.2529000044,0.1787,0.3377000093,1.0
0.12290000170000001,0.1316000074,0.1462000012,0.12659999730000002,0.1819999963,0.3147999942,0.36750000720000003,0.36059999470000004,0.3824000061,0.2606000006,0.1747999936,0.3873000145,1.0
0.12290000170000001,0.1389999986,0.1459999979,0.126000002,0.1819999963,0.3147999942,0.36750000720000003,0.3754999936,0.3824000061,0.2606000006,0.1747999936,0.3873000145,1.0
0.21250000600000002,0.17299999300000002,0.1953999996,0.1987999976,0.2425999939,0.3537999988,0.39910000560000003,0.3767000139,0.4149000049,0.3145999908,0.2590000033,0.4167000055,1.0
0.21250000600000002,0.1733999997,0.2088000029,0.2008000016,0.2425999939,0.3537999988,0.39910000560000003,0.3761000037,0.4149000049,0.3145999908,0.2590000033,0.4167000055,1.0
0.1978999972,0.244599998,0.24480000140000002,0.2060000002,0.2617000043,0.37959998850000004,0.42309999470000004,0.4458999932,0.7760999799,0.34029999380000003,0.293599993,0.4451000094,1.0
0.11599999670000001,0.1625999957,0.1689999998,0.136800006,0.1800999939,0.2838000059,0.3190999925,0.34760001300000004,0.4884000123,0.2475000024,0.1758999974,0.3330999911,1.0
0.2313999981,0.1700000018,0.2199999988,0.2101999968,0.243599996,0.3515000045,0.39910000560000003,0.3856999874,0.6965000033000001,0.3127999902,0.2617000043,0.41740000250000003,1.0
0.12420000140000001,0.1459999979,0.1542000026,0.1312000006,0.1720999926,0.300999999,0.355399996,0.356099993,0.5482000113000001,0.2478999943,0.197300002,0.37580001350000003,1.0
0.0891999975,0.09520000220000001,0.11599999670000001,0.0895999968,0.14869999890000002,0.26910001040000003,0.3154000044,0.3093000054,0.3497000039,0.2506000102,0.17599999900000002,0.3357000053,1.0
0.12420000140000001,0.1381999999,0.1498000026,0.1332000047,0.1893000007,0.3115999997,0.3573000133,0.3531999886,0.5482000113000001,0.25519999860000003,0.1868000031,0.3677999973,1.0
0.12009999900000001,0.1438000053,0.1545999944,0.1316000074,0.188500002,0.3291999996,0.3817999959,0.3817000091,0.3776000142,0.2666999996,0.1869000047,0.3973999918,1.0
0.12009999900000001,0.14139999450000001,0.16099999850000002,0.1340000033,0.188500002,0.3291999996,0.3817999959,0.3837000132,0.3776000142,0.2666999996,0.1869000047,0.3973999918,1.0
0.2313999981,0.17679999770000002,0.2210000008,0.2090000063,0.243599996,0.3515000045,0.39910000560000003,0.3846000135,0.6965000033000001,0.3127999902,0.2617000043,0.41740000250000003,1.0
0.2775000036,0.26519998910000003,0.2474000007,0.2096000016,0.26719999310000003,0.35820001360000003,0.394600004,0.400000006,0.9363999963,0.31069999930000003,0.26949998740000003,0.40619999170000004,1.0
0.10419999810000001,0.1014999971,0.10800000280000001,0.123800002,0.16629999880000002,0.2822000086,0.3307999969,0.31340000030000004,0.3375999928,0.2203000039,0.1545999944,0.3404000103,1.0
0.0917000026,0.11640000340000001,0.1333999932,0.1120000035,0.1661999971,0.3237000108,0.3806000054,0.3686000109,0.4036999941,0.2612999976,0.18060000240000001,0.4059000015,1.0
0.0394000001,0.053500000400000004,0.0850000009,0.09589999910000001,0.14939999580000002,0.2640999854,0.31340000030000004,0.2985999882,0.33919999,0.3461000025,0.2449000031,0.3242000043,1.0
0.10419999810000001,0.09520000220000001,0.11140000080000001,0.11999999730000001,0.1506000012,0.2642999887,0.31639999150000003,0.3012000024,0.3375999928,0.2105000019,0.1687999964,0.33669999240000004,1.0
0.1978999972,0.23960000280000002,0.24379999940000002,0.2036000043,0.25389999150000003,0.3779000044,0.4198000133,0.4454999864,0.7760999799,0.3357000053,0.2903999984,0.4451000094,1.0
0.1512999982,0.1625999957,0.1666000038,0.11879999940000001,0.1809999943,0.30709999800000004,0.35699999330000004,0.3659999967,0.5141999722,0.2684000134,0.22089999910000002,0.3896000087,1.0
0.0296,0.0359999985,0.0606999993,0.0463000014,0.121299997,0.2928000093,0.3362999856,0.35429999230000003,0.3274999857,0.2345999926,0.137500003,0.3404999971,1.0
0.0392000005,0.054000001400000004,0.0855000019,0.0870999992,0.1468999982,0.2822999954,0.3267999887,0.3082000017,0.35229998830000003,0.332100004,0.22939999400000002,0.34229999780000003,1.0
0.0891999975,0.1004000008,0.1213999987,0.11540000140000001,0.1577000022,0.2633000016,0.31009998920000004,0.3131999969,0.3497000039,0.2488999963,0.1685000062,0.3208999932,1.0
0.0914999992,0.11680000280000001,0.1345999986,0.1220000014,0.1691000015,0.29809999470000004,0.3449999988,0.3438000083,0.38420000670000004,0.2450000048,0.1689999998,0.3653999865,1.0
0.0940999985,0.07400000100000001,0.1004000008,0.1084000021,0.1544999927,0.2664000094,0.3125,0.2702000141,0.3249000013,0.2134999931,0.1600999981,0.3255999982,1.0
0.0940999985,0.08209999650000001,0.0896999985,0.1049999967,0.14300000670000002,0.25650000570000003,0.3030000031,0.2723999918,0.3249000013,0.2109999955,0.16550000010000002,0.315200001,1.0
0.0917000026,0.1099999994,0.1306000054,0.1096000001,0.1717000008,0.3204999864,0.3779999912,0.3702000082,0.4036999941,0.273999989,0.18940000240000002,0.4007000029,1.0
0.0914999992,0.1030000001,0.1324000061,0.11599999670000001,0.169599995,0.29440000650000003,0.3434000015,0.33919999,0.38420000670000004,0.23849999900000002,0.16699999570000001,0.35659998660000003,1.0
0.1053000018,0.1142000034,0.1404000074,0.11800000070000001,0.1738999933,0.3075999916,0.36050000790000003,0.3443000019,0.3634000123,0.25189998750000003,0.1871999949,0.3736999929,1.0
0.044599998700000004,0.0599999987,0.07750000060000001,0.0650999993,0.10930000250000001,0.2397000045,0.2793000042,0.2576000094,0.2879999876,0.18549999590000002,0.1158000007,0.298999995,2.0
0.044599998700000004,0.0551000014,0.0700000003,0.061599999700000005,0.1106000021,0.22169999780000002,0.2669999897,0.2358999997,0.2879999876,0.1877000034,0.121799998,0.27910000090000003,2.0
0.08879999820000001,0.0803000033,0.0826999992,0.0821999982,0.1259000003,0.1893000007,0.2092999965,0.1631000042,0.2495000064,0.1696999967,0.12659999730000002,0.20389999450000001,2.0
0.0278999992,0.0397999994,0.0860999972,0.0412999988,0.11680000280000001,0.33399999140000003,0.3968999982,0.44800001380000004,0.3907999992,0.2275000066,0.1128000021,0.4228000045,2.0
0.044599998700000004,0.049499999700000005,0.072300002,0.06419999900000001,0.1106000021,0.22169999780000002,0.2669999897,0.24510000650000002,0.2879999876,0.1877000034,0.121799998,0.27910000090000003,2.0
0.0370999984,0.0474000014,0.0681999996,0.0658000037,0.0850000009,0.1491000056,0.1755000055,0.1492000073,0.14270000160000001,0.1274999976,0.0952999964,0.1801999956,2.0
0.0232999995,0.0377999991,0.0615000017,0.0505999997,0.08780000360000001,0.2257999927,0.266200006,0.2590999901,0.36050000790000003,0.2198999971,0.12659999730000002,0.2976999879,2.0
0.0318000019,0.0675000027,0.1032000035,0.0804999992,0.14869999890000002,0.2879000008,0.33109998700000004,0.34229999780000003,0.36190000180000004,0.2484000027,0.1404999942,0.34869998690000004,2.0
0.044599998700000004,0.0428000018,0.0653000027,0.059799999000000006,0.1061000004,0.2137999982,0.24279999730000001,0.21420000490000002,0.2879999876,0.1917999983,0.1289999932,0.2533999979,2.0
0.044599998700000004,0.0527999997,0.0700000003,0.0592,0.1061000004,0.2137999982,0.24279999730000001,0.23499999940000002,0.2879999876,0.1917999983,0.1289999932,0.2533999979,2.0
0.08879999820000001,0.07940000300000001,0.08649999650000001,0.09080000220000001,0.1259000003,0.1893000007,0.2092999965,0.1714999974,0.2495000064,0.1696999967,0.12659999730000002,0.20389999450000001,2.0
0.1061000004,0.1033999994,0.1361999959,0.13940000530000002,0.1887000054,0.3037,0.3481999934,0.3217000067,0.3542000055,0.2470999956,0.1809999943,0.356400013,2.0
0.1061000004,0.1137999967,0.1439999938,0.1464000046,0.199300006,0.3197999895,0.3616000116,0.3273999989,0.3542000055,0.2587000132,0.1907999963,0.3673999906,2.0
0.0248000007,0.0412999988,0.064000003,0.0568000004,0.0993999988,0.2196999937,0.2662999928,0.2775999904,0.291200012,0.23399999740000002,0.1472000033,0.2978999913,2.0
0.0988000035,0.11999999730000001,0.1509999931,0.1492000073,0.2049999982,0.3219000101,0.3598000109,0.3264000118,0.3806999922,0.2633999884,0.1931000054,0.3666000068,2.0
0.0988000035,0.1230000034,0.1518000066,0.1527999938,0.2049999982,0.3219000101,0.3598000109,0.317900002,0.3806999922,0.2633999884,0.1931000054,0.3666000068,2.0
0.0283000004,0.041200000800000004,0.0927999988,0.0430000015,0.1256999969,0.3643999994,0.43439999220000003,0.44600000980000004,0.40410000090000003,0.22699999810000002,0.1084999964,0.45399999620000003,2.0
0.0248000007,0.0417999998,0.0675000027,0.07060000300000001,0.1023999974,0.19840000570000002,0.2295999974,0.2099999934,0.291200012,0.2386000007,0.1491000056,0.241899997,2.0
0.0283000004,0.0421999991,0.09290000050000001,0.0436000004,0.1256999969,0.3643999994,0.43439999220000003,0.4334999919,0.40410000090000003,0.22699999810000002,0.1084999964,0.45399999620000003,2.0
0.0370000005,0.0460000001,0.0917999968,0.0573000014,0.141900003,0.33860000970000004,0.3898999989,0.40279999380000003,0.39219999310000003,0.2460000068,0.1334999949,0.4219000041,2.0
0.11159999670000001,0.09309999640000001,0.11680000280000001,0.1099999994,0.1636999995,0.27979999780000003,0.31900000570000003,0.28279998900000003,0.3176000118,0.23919999600000003,0.1841000021,0.3325999975,2.0
0.0370000005,0.0531000011,0.0896999985,0.066399999,0.1405999959,0.3052000105,0.3494000137,0.33930000660000004,0.39219999310000003,0.2496999949,0.1469999999,0.3786000013,2.0
0.0988000035,0.1172000021,0.1451999992,0.1444000006,0.2049999982,0.3219000101,0.3598000109,0.32400000100000004,0.3806999922,0.2633999884,0.1931000054,0.3666000068,2.0
0.0610000007,0.0784000009,0.0847000033,0.06960000100000001,0.11999999730000001,0.2471999973,0.29010000820000004,0.2836999893,0.31009998920000004,0.2109999955,0.1477999985,0.30709999800000004,2.0
0.0278999992,0.043400000800000005,0.07850000260000001,0.053199999000000005,0.1177000031,0.3192000091,0.3903000057,0.3321999907,0.3907999992,0.233799994,0.121299997,0.4167000055,2.0
0.0370000005,0.0509000011,0.0856000036,0.059599999300000005,0.1369999945,0.3292999864,0.38089999560000004,0.3797999918,0.39219999310000003,0.24210000040000001,0.1342000067,0.40849998590000003,2.0
0.0370000005,0.0546000004,0.0882000029,0.06340000030000001,0.1404999942,0.32390001420000003,0.37590000030000004,0.3630999923,0.39219999310000003,0.24310000240000001,0.1322000027,0.40680000190000004,2.0
0.11159999670000001,0.0962999985,0.11680000280000001,0.10719999670000001,0.1485999972,0.2639999986,0.3045000136,0.27669999,0.3176000118,0.22769999500000002,0.1797000021,0.32269999380000003,2.0
0.0370000005,0.0546000004,0.0864000022,0.062100000700000005,0.1404999942,0.32390001420000003,0.37590000030000004,0.356400013,0.39219999310000003,0.24310000240000001,0.1322000027,0.40680000190000004,2.0
0.0988000035,0.11079999800000001,0.1475999951,0.1555999964,0.20540000500000002,0.3197000027,0.3673999906,0.31900000570000003,0.3806999922,0.26080000400000003,0.1826000065,0.3747000098,2.0
0.0278999992,0.0469000004,0.07750000060000001,0.0546000004,0.1177000031,0.3192000091,0.3903000057,0.3021000028,0.3907999992,0.233799994,0.121299997,0.4167000055,2.0
0.0278999992,0.041200000800000004,0.08190000060000001,0.0483999997,0.11680000280000001,0.33399999140000003,0.3968999982,0.3330999911,0.3907999992,0.2275000066,0.1128000021,0.4228000045,2.0
0.0610000007,0.0755999982,0.08879999820000001,0.07500000300000001,0.12729999420000002,0.2440000027,0.28819999100000004,0.2899999917,0.31009998920000004,0.22419999540000002,0.1599999964,0.31400001050000004,2.0
0.0610000007,0.07900000360000001,0.09130000320000001,0.0753000006,0.11999999730000001,0.2471999973,0.29010000820000004,0.28110000490000003,0.31009998920000004,0.2109999955,0.1477999985,0.30709999800000004,2.0
0.09420000020000001,0.0702000037,0.1093999967,0.0900999978,0.1485999972,0.2669999897,0.3186999857,0.29570001360000003,0.3249000013,0.21420000490000002,0.1536000073,0.32899999620000003,2.0
0.09420000020000001,0.08929999920000001,0.12080000340000001,0.1006999984,0.1485999972,0.2669999897,0.3186999857,0.30570000410000003,0.3249000013,0.21420000490000002,0.1536000073,0.32899999620000003,2.0
0.0988000035,0.11999999730000001,0.1449999958,0.1498000026,0.2049999982,0.3219000101,0.3598000109,0.320600003,0.3806999922,0.2633999884,0.1931000054,0.3666000068,2.0
0.0370000005,0.0515000001,0.0926000029,0.0612000003,0.1404999942,0.32390001420000003,0.37590000030000004,0.3740999997,0.39219999310000003,0.24310000240000001,0.1322000027,0.40680000190000004,2.0
0.0610000007,0.0760999992,0.0900000036,0.0873999968,0.12729999420000002,0.2440000027,0.28819999100000004,0.26980000730000003,0.31009998920000004,0.22419999540000002,0.1599999964,0.31400001050000004,2.0
0.30509999390000003,0.300999999,0.28279998900000003,0.2561999857,0.2852999866,0.33799999950000004,0.3680000007,0.3461000025,0.47530001400000005,0.2623000145,0.2119999975,0.36899998780000004,2.0
0.1061000004,0.10360000280000001,0.12420000140000001,0.1085999981,0.1635999978,0.2908000052,0.3389999866,0.3222000003,0.3542000055,0.2295999974,0.16730000080000001,0.3562999964,2.0
0.0283000004,0.0461999997,0.0922999978,0.044599998700000004,0.117399998,0.3513999879,0.4180000126,0.4239000082,0.40410000090000003,0.2222000062,0.10570000110000001,0.4395000041,2.0
0.0283000004,0.0414999984,0.0833000019,0.040699999800000004,0.117399998,0.3513999879,0.4180000126,0.41870000960000003,0.40410000090000003,0.2222000062,0.10570000110000001,0.4395000041,2.0
0.1061000004,0.1096000001,0.126000002,0.1254000068,0.1887000054,0.3037,0.3481999934,0.3073000014,0.3542000055,0.2470999956,0.1809999943,0.356400013,2.0
0.1061000004,0.1077999994,0.13040000200000001,0.1366000026,0.1887000054,0.3037,0.3481999934,0.3098999858,0.3542000055,0.2470999956,0.1809999943,0.356400013,2.0
0.1061000004,0.1184,0.1454000026,0.1438000053,0.199300006,0.3197999895,0.3616000116,0.3273999989,0.3542000055,0.2587000132,0.1907999963,0.3673999906,2.0
0.0370000005,0.049300000100000005,0.09189999850000001,0.059900000700000004,0.1268000007,0.33160001040000003,0.38640001420000003,0.3698000014,0.39219999310000003,0.2393999994,0.1259000003,0.4160000086,2.0
0.0318000019,0.055199999400000005,0.0901999995,0.072800003,0.1482000053,0.280099988,0.3165999949,0.33529999850000003,0.36190000180000004,0.2440000027,0.1412999928,0.3420000076,2.0
0.0370000005,0.046799998700000005,0.0870999992,0.0573000014,0.141900003,0.33860000970000004,0.3898999989,0.38510000710000003,0.39219999310000003,0.2460000068,0.1334999949,0.4219000041,2.0
0.30509999390000003,0.3082000017,0.2971999943,0.2714000046,0.3115999997,0.3697000146,0.3903999925,0.360799998,0.47530001400000005,0.2899000049,0.23600000140000002,0.4016000032,2.0
0.2779999971,0.1498000026,0.20039999490000002,0.21600000560000002,0.2597999871,0.3781000078,0.43149998780000004,0.3558999896,0.6660000086,0.3384000063,0.2903999984,0.4436999857,3.0
0.2163999975,0.22200000290000002,0.1738000065,0.1645999998,0.22800000010000002,0.35989999770000003,0.421600014,0.3761999905,0.7152000070000001,0.31830000880000003,0.2870999873,0.4402999878,3.0
0.17749999460000002,0.22300000490000002,0.22980000080000001,0.17560000720000002,0.23450000580000002,0.3427000046,0.3833000064,0.39779999850000003,0.6858999729,0.30270001290000004,0.2400999963,0.4009000063,3.0
0.2779999971,0.1850000024,0.1738000065,0.1888000071,0.23880000410000002,0.36959999800000004,0.42509999870000004,0.3639999926,0.6660000086,0.3251000047,0.2888999879,0.44539999960000004,3.0
0.0988000035,0.12340000270000001,0.1235999987,0.1018000022,0.1444000006,0.266900003,0.3167000115,0.3095000088,0.3300999999,0.2310000062,0.17579999570000002,0.3301999867,3.0
0.2779999971,0.1578000039,0.1834000051,0.2039999962,0.2597999871,0.3781000078,0.43149998780000004,0.3528000116,0.6660000086,0.3384000063,0.2903999984,0.4436999857,3.0
0.0988000035,0.1376000047,0.1333999932,0.1044000015,0.1448999941,0.2585000098,0.3095999956,0.3124000132,0.3300999999,0.2261999995,0.1738999933,0.3278999925,3.0
0.1800000072,0.1780000031,0.1702000052,0.11439999940000001,0.1607999951,0.2804999948,0.3504999876,0.3558000028,0.7271999717000001,0.25889998670000003,0.2517000139,0.3980999887,3.0
0.1800000072,0.1773999929,0.1547999978,0.1158000007,0.1571999937,0.268900007,0.32769998910000003,0.35299998520000003,0.7271999717000001,0.24130000170000002,0.2217999995,0.3671000004,3.0
0.1800000072,0.16680000720000002,0.1576000005,0.1147999987,0.1571999937,0.268900007,0.32769998910000003,0.35569998620000004,0.7271999717000001,0.24130000170000002,0.2217999995,0.3671000004,3.0
0.17749999460000002,0.2313999981,0.22139999270000002,0.181400001,0.23450000580000002,0.3427000046,0.3833000064,0.402399987,0.6858999729,0.30270001290000004,0.2400999963,0.4009000063,3.0
0.0988000035,0.1361999959,0.1247999966,0.1099999994,0.1541000009,0.2657000124,0.3093000054,0.30570000410000003,0.3300999999,0.2322999984,0.171299994,0.3253999949,3.0
0.2163999975,0.244599998,0.1798000038,0.15700000520000001,0.22800000010000002,0.35989999770000003,0.421600014,0.3890999854,0.7152000070000001,0.31830000880000003,0.2870999873,0.4402999878,3.0
0.1160999984,0.121799998,0.1482000053,0.1298000067,0.1748999953,0.2971000075,0.34169998760000003,0.33199998740000003,0.3450999856,0.2493000031,0.18790000680000002,0.35659998660000003,3.0
0.1160999984,0.1270000041,0.13959999380000002,0.12259999660000001,0.1748999953,0.2971000075,0.34169998760000003,0.33199998740000003,0.3450999856,0.2493000031,0.18790000680000002,0.35659998660000003,3.0
0.1042999998,0.12579999860000002,0.1345999986,0.11800000070000001,0.173299998,0.2890000045,0.3337000012,0.3296000063,0.3418000042,0.2518000007,0.1908999979,0.3513999879,3.0
0.1160999984,0.09979999810000001,0.1206,0.12340000270000001,0.1586000025,0.2770999968,0.3217999935,0.3088000119,0.3450999856,0.23849999900000002,0.1812999994,0.3388999999,3.0
0.1160999984,0.09910000120000001,0.11879999940000001,0.1191999987,0.1586000025,0.2770999968,0.3217999935,0.30640000100000003,0.3450999856,0.23849999900000002,0.1812999994,0.3388999999,3.0
0.0988000035,0.1098000035,0.1172000021,0.11599999670000001,0.1534000039,0.26719999310000003,0.3118999898,0.298299998,0.3300999999,0.2358999997,0.176699996,0.3285000026,3.0
0.2779999971,0.1555999964,0.18860000370000002,0.2036000043,0.26780000330000003,0.3797999918,0.4325000048,0.3528000116,0.6660000086,0.3400000036,0.2903000116,0.4465999901,3.0
0.2779999971,0.16400000450000002,0.1775999963,0.20039999490000002,0.2597999871,0.3781000078,0.43149998780000004,0.35260000820000004,0.6660000086,0.3384000063,0.2903999984,0.4436999857,3.0
0.2779999971,0.17859999840000002,0.1700000018,0.1879999936,0.2597999871,0.3781000078,0.43149998780000004,0.35359999540000003,0.6660000086,0.3384000063,0.2903999984,0.4436999857,3.0
0.1800000072,0.159799993,0.1475999951,0.1096000001,0.1607999951,0.2804999948,0.3504999876,0.336499989,0.7271999717000001,0.25889998670000003,0.2517000139,0.3980999887,3.0
0.2779999971,0.1488000005,0.20939999820000002,0.22139999270000002,0.26780000330000003,0.3797999918,0.4325000048,0.3653999865,0.6660000086,0.3400000036,0.2903000116,0.4465999901,3.0
0.1800000072,0.1635999978,0.1449999958,0.1085999981,0.1571999937,0.268900007,0.32769998910000003,0.3377999961,0.7271999717000001,0.24130000170000002,0.2217999995,0.3671000004,3.0
0.2469000071,0.14020000400000002,0.1317999959,0.11159999670000001,0.17910000680000002,0.3203999996,0.3952000141,0.32600000500000004,0.4298000038,0.2890000045,0.2653999925,0.42109999060000003,3.0
0.1160999984,0.1147999987,0.1263999939,0.112999998,0.1589999944,0.28979998830000003,0.336499989,0.3264999986,0.3450999856,0.24160000680000002,0.1844000071,0.3531000018,3.0
0.1160999984,0.1099999994,0.1252000034,0.1063999981,0.1589999944,0.28979998830000003,0.336499989,0.3194999993,0.3450999856,0.24160000680000002,0.1844000071,0.3531000018,3.0
0.1160999984,0.0995000005,0.11620000000000001,0.1128000021,0.1586000025,0.2770999968,0.3217999935,0.3082000017,0.3450999856,0.23849999900000002,0.1812999994,0.3388999999,3.0
0.1160999984,0.11699999870000001,0.1405999959,0.1333999932,0.1748999953,0.2971000075,0.34169998760000003,0.3307999969,0.3450999856,0.2493000031,0.18790000680000002,0.35659998660000003,3.0
0.1160999984,0.11640000340000001,0.125,0.125,0.1718000025,0.2922999859,0.3350000083,0.32400000100000004,0.3450999856,0.2451999933,0.1828999966,0.3528999984,3.0
0.0988000035,0.1120000035,0.1176000014,0.10700000080000001,0.1534000039,0.26719999310000003,0.3118999898,0.2984000146,0.3300999999,0.2358999997,0.176699996,0.3285000026,3.0
0.0988000035,0.1291999966,0.123800002,0.1158000007,0.1541000009,0.2657000124,0.3093000054,0.3018999994,0.3300999999,0.2322999984,0.171299994,0.3253999949,3.0
0.0988000035,0.12160000210000001,0.11959999800000001,0.1140000001,0.1534000039,0.26719999310000003,0.3118999898,0.3046000004,0.3300999999,0.2358999997,0.176699996,0.3285000026,3.0
0.1042999998,0.12559999530000002,0.1425999999,0.12659999730000002,0.173299998,0.2890000045,0.3337000012,0.3264000118,0.3418000042,0.2518000007,0.1908999979,0.3513999879,3.0
0.2163999975,0.1578000039,0.1666000038,0.1853999943,0.23819999400000003,0.364199996,0.4226999879,0.351000011,0.7152000070000001,0.32469999790000004,0.2863000035,0.43970000740000004,3.0
0.2163999975,0.2166000009,0.1650000066,0.1744000018,0.22800000010000002,0.35989999770000003,0.421600014,0.3664999902,0.7152000070000001,0.31830000880000003,0.2870999873,0.4402999878,3.0
0.0988000035,0.1099999994,0.11339999740000001,0.1010000035,0.1444000006,0.266900003,0.3167000115,0.30379998680000003,0.3300999999,0.2310000062,0.17579999570000002,0.3301999867,3.0
0.1160999984,0.1048000008,0.1137999967,0.1010000035,0.1491000056,0.27979999780000003,0.329400003,0.3007999957,0.3450999856,0.2371000051,0.1824000031,0.3440000117,3.0
0.1160999984,0.09910000120000001,0.12099999930000001,0.10279999670000001,0.1491000056,0.27979999780000003,0.329400003,0.3082000017,0.3450999856,0.2371000051,0.1824000031,0.3440000117,3.0
0.1160999984,0.10209999980000001,0.1158000007,0.1096000001,0.1586000025,0.2770999968,0.3217999935,0.2991000116,0.3450999856,0.23849999900000002,0.1812999994,0.3388999999,3.0
0.2163999975,0.17679999770000002,0.168599993,0.1881999969,0.23819999400000003,0.364199996,0.4226999879,0.3551999927,0.7152000070000001,0.32469999790000004,0.2863000035,0.43970000740000004,3.0
0.2469000071,0.1421999931,0.1343999952,0.1074000001,0.1580000073,0.29309999940000003,0.37029999490000004,0.3285999894,0.4298000038,0.2639999986,0.24699999390000002,0.4059999883,3.0
0.4273999929,0.3680000007,0.380400002,0.3483999968,0.418599993,0.48890000580000004,0.5120999813,0.5072000027,1.3331999779,0.4133000076,0.3589999974,0.5173000097,3.0
0.4273999929,0.3483999968,0.3819999993,0.3528000116,0.418599993,0.48890000580000004,0.5120999813,0.5016000271000001,1.3331999779,0.4133000076,0.3589999974,0.5173000097,3.0
0.4374000132,0.3454000056,0.3598000109,0.3472000062,0.42070001360000003,0.49720001220000004,0.5182999969000001,0.48960000280000004,1.361700058,0.4196999967,0.3666000068,0.529399991,3.0
0.4374000132,0.3427999914,0.36259999870000004,0.34060001370000004,0.40909999610000003,0.48550000790000003,0.5195000172,0.4916999936,1.361700058,0.4140000045,0.37259998920000004,0.530099988,3.0
0.1312000006,0.0812999979,0.1438000053,0.1263999939,0.1621000022,0.24779999260000002,0.2763999999,0.27700001,0.5501000285000001,0.202000007,0.1455000043,0.2845999897,3.0
0.2416999936,0.2067999989,0.2540000081,0.22800000010000002,0.27779999380000003,0.3614000082,0.3903999925,0.38589999080000004,0.8215000033000001,0.3116999865,0.2599999905,0.3982000053,3.0
0.25,0.23219999670000002,0.2474000007,0.22139999270000002,0.25319999460000003,0.33529999850000003,0.3750999868,0.3957000077,0.8518000245,0.2935000062,0.2547999918,0.3898999989,3.0
0.0705000013,0.0755999982,0.1074000001,0.0982000008,0.1700000018,0.2985999882,0.3504000008,0.3551999927,0.3736000061,0.2836999893,0.189199999,0.3801000118,4.0
0.29409998660000003,0.2610000074,0.27419999240000004,0.26480001210000004,0.3192000091,0.4241000116,0.45870000120000004,0.4508999884,0.9743999839,0.3515000045,0.3028999865,0.47290000320000003,4.0
0.1281999946,0.0788000003,0.10260000080000001,0.1092000008,0.1845999956,0.32670000200000004,0.3840000033,0.3332000077,0.4133999944,0.28549999,0.21539999540000002,0.4025000036,4.0
0.28679999710000004,0.2691999972,0.28279998900000003,0.2664000094,0.31769999860000003,0.42070001360000003,0.4605000019,0.4548000097,0.9552999735000001,0.3508999944,0.3018999994,0.46930000190000004,4.0
0.29409998660000003,0.2592000067,0.266200006,0.24580000340000002,0.3066000044,0.4239000082,0.4632000029,0.44600000980000004,0.9743999839,0.3515999913,0.3048000038,0.4744000137,4.0
0.12890000640000002,0.13840000330000002,0.1578000039,0.1306000054,0.17649999260000002,0.28749999400000004,0.33109998700000004,0.3276000023,0.5134999752,0.2425000072,0.2032999992,0.3544000089,4.0
0.12259999660000001,0.1317999959,0.1537999958,0.1288000047,0.17859999840000002,0.28870001440000004,0.3289000094,0.3262000084,0.4066999853,0.2416999936,0.1943999976,0.3463000059,4.0
0.29409998660000003,0.26859998700000004,0.2842000127,0.2599999905,0.3118000031,0.42370000480000003,0.46039998530000004,0.4605000019,0.9743999839,0.3497999907,0.3064999878,0.47490000720000003,4.0
0.12259999660000001,0.1291999966,0.1495999992,0.126000002,0.17859999840000002,0.28870001440000004,0.3289000094,0.3222000003,0.4066999853,0.2416999936,0.1943999976,0.3463000059,4.0
0.1281999946,0.0807000026,0.11259999870000001,0.1230000034,0.1845999956,0.32670000200000004,0.3840000033,0.3544000089,0.4133999944,0.28549999,0.21539999540000002,0.4025000036,4.0
0.28679999710000004,0.2755999863,0.2836000025,0.26140001420000003,0.31769999860000003,0.42070001360000003,0.4605000019,0.45640000700000005,0.9552999735000001,0.3508999944,0.3018999994,0.46930000190000004,4.0
0.0705000013,0.07750000060000001,0.11259999870000001,0.1172000021,0.1700000018,0.2985999882,0.3504000008,0.3251999915,0.3736000061,0.2836999893,0.189199999,0.3801000118,4.0
0.28679999710000004,0.28979998830000003,0.2998000085,0.25519999860000003,0.3102000058,0.42210000750000004,0.46169999240000004,0.4708000124,0.9552999735000001,0.3504000008,0.3037,0.4767000079,4.0
0.128700003,0.1829999983,0.17679999770000002,0.1441999972,0.2011999935,0.3197000027,0.3673000038,0.364199996,0.5119000077,0.2743999958,0.2480999976,0.3914000094,4.0
0.29409998660000003,0.24799999590000002,0.255400002,0.2511999905,0.3064999878,0.4228999913,0.45879998800000005,0.4375999868,0.9743999839,0.3490999937,0.3034000099,0.47490000720000003,4.0
0.20139999690000002,0.19259999690000001,0.21500000360000002,0.2070000023,0.2664000094,0.37380000950000003,0.4075999856,0.3883999884,0.7670000196000001,0.3177999854,0.26719999310000003,0.4172999859,4.0
0.29409998660000003,0.2442000061,0.26780000330000003,0.2518000007,0.3064999878,0.4228999913,0.45879998800000005,0.44400000570000003,0.9743999839,0.3490999937,0.3034000099,0.47490000720000003,4.0
0.16830000280000001,0.1923999935,0.19740000370000002,0.1526000053,0.1994999945,0.3278000057,0.37850001450000004,0.3914000094,0.5350000262,0.2718000114,0.2212000042,0.3953000009,4.0
0.1940000057,0.1889999956,0.17859999840000002,0.14139999450000001,0.2064999938,0.3316999972,0.37329998610000004,0.38080000880000003,0.605700016,0.275000006,0.2301999927,0.3950000107,4.0
0.0705000013,0.0901999995,0.1004000008,0.0870999992,0.1520999968,0.288500011,0.3355999887,0.3298000097,0.3736000061,0.2594000101,0.1670999974,0.36059999470000004,4.0
0.0705000013,0.0931999981,0.10279999670000001,0.09589999910000001,0.1520999968,0.288500011,0.3355999887,0.3215999901,0.3736000061,0.2594000101,0.1670999974,0.36059999470000004,4.0
0.09470000120000001,0.1106000021,0.1194000021,0.1019999981,0.1401000023,0.24549999830000002,0.2892999947,0.2937999964,0.3145999908,0.21570000050000002,0.1569000036,0.3061999977,4.0
0.12259999660000001,0.12940000000000002,0.1547999978,0.134800002,0.17859999840000002,0.28870001440000004,0.3289000094,0.32469999790000004,0.4066999853,0.2416999936,0.1943999976,0.3463000059,4.0
0.11900000270000001,0.1268000007,0.14339999850000001,0.1299999952,0.16580000520000002,0.2763000131,0.32339999080000004,0.3287999928,0.38659998770000004,0.2425999939,0.17990000550000002,0.3443000019,4.0
0.28679999710000004,0.2755999863,0.3007999957,0.2599999905,0.3102000058,0.42210000750000004,0.46169999240000004,0.4708999991,0.9552999735000001,0.3504000008,0.3037,0.4767000079,4.0
0.12890000640000002,0.1345999986,0.1544000059,0.1353999972,0.17649999260000002,0.28749999400000004,0.33109998700000004,0.3248000145,0.5134999752,0.2425000072,0.2032999992,0.3544000089,4.0
0.12890000640000002,0.13840000330000002,0.15219999850000002,0.1312000006,0.17649999260000002,0.28749999400000004,0.33109998700000004,0.3255999982,0.5134999752,0.2425000072,0.2032999992,0.3544000089,4.0
0.1042999998,0.0807000026,0.117399998,0.1106000021,0.15569999810000001,0.2623000145,0.3088000119,0.2788000107,0.3249000013,0.2300000042,0.17910000680000002,0.3253999949,4.0
0.0882000029,0.09570000320000001,0.1099999994,0.0970000029,0.1436000019,0.2579999864,0.29670000080000003,0.2856999934,0.3136000037,0.22300000490000002,0.1551000029,0.31270000340000004,4.0
0.0882000029,0.0891000032,0.1092000008,0.1011999995,0.1436000019,0.2579999864,0.29670000080000003,0.2856000066,0.3136000037,0.22300000490000002,0.1551000029,0.31270000340000004,4.0
0.0705000013,0.0653000027,0.0914999992,0.0825000033,0.1432999969,0.3043000102,0.3558000028,0.37819999460000003,0.3736000061,0.2511000037,0.1577000022,0.3799000084,4.0
0.0705000013,0.07850000260000001,0.1030000001,0.08900000150000001,0.1432999969,0.3043000102,0.3558000028,0.3513999879,0.3736000061,0.2511000037,0.1577000022,0.3799000084,4.0
0.0705000013,0.08209999650000001,0.1098000035,0.0988000035,0.1520999968,0.288500011,0.3355999887,0.3404000103,0.3736000061,0.2594000101,0.1670999974,0.36059999470000004,4.0
0.12890000640000002,0.1377999932,0.15119999650000002,0.13040000200000001,0.17649999260000002,0.28749999400000004,0.33109998700000004,0.33329999450000003,0.5134999752,0.2425000072,0.2032999992,0.3544000089,4.0
0.28679999710000004,0.2657999992,0.29019999500000004,0.264200002,0.31769999860000003,0.42070001360000003,0.4605000019,0.4620000124,0.9552999735000001,0.3508999944,0.3018999994,0.46930000190000004,4.0
0.29409998660000003,0.2511999905,0.287800014,0.26780000330000003,0.3192000091,0.4241000116,0.45870000120000004,0.45109999180000004,0.9743999839,0.3515000045,0.3028999865,0.47290000320000003,4.0
0.29409998660000003,0.2450000048,0.2800000012,0.26140001420000003,0.3192000091,0.4241000116,0.45870000120000004,0.4474999905,0.9743999839,0.3515000045,0.3028999865,0.47290000320000003,4.0
0.12259999660000001,0.121799998,0.14120000600000002,0.1306000054,0.1715999991,0.2833000124,0.3280999959,0.3203999996,0.4066999853,0.23780000210000002,0.18160000440000001,0.3454000056,4.0
0.12259999660000001,0.1262000054,0.1492000073,0.1298000067,0.17859999840000002,0.28870001440000004,0.3289000094,0.3231999874,0.4066999853,0.2416999936,0.1943999976,0.3463000059,4.0
0.29409998660000003,0.2529999912,0.2712000012,0.25519999860000003,0.3066000044,0.4239000082,0.4632000029,0.4519999921,0.9743999839,0.3515999913,0.3048000038,0.4744000137,4.0
0.29409998660000003,0.2540000081,0.2836000025,0.2626000047,0.3118000031,0.42370000480000003,0.46039998530000004,0.45800000430000004,0.9743999839,0.3497999907,0.3064999878,0.47490000720000003,4.0
0.11900000270000001,0.1289999932,0.1508000046,0.1272000074,0.1586000025,0.2770999968,0.334100008,0.3244000077,0.38659998770000004,0.2452999949,0.199000001,0.3546999991,4.0
0.1513999999,0.1653999984,0.1689999998,0.1588000059,0.20370000600000002,0.3149999976,0.3601000011,0.34999999400000004,0.5400999784,0.2799000144,0.21320000290000002,0.37119999530000003,4.0
0.1647000015,0.19460000100000002,0.1852000058,0.1586000025,0.2073000073,0.31340000030000004,0.3573000133,0.3686000109,0.6231999993,0.2750999928,0.2450000048,0.37720000740000004,4.0
0.11900000270000001,0.1228,0.1527999938,0.11999999730000001,0.1580000073,0.27910000090000003,0.3386999965,0.3332000077,0.38659998770000004,0.24899999800000003,0.1969999969,0.3617999852,4.0
0.11900000270000001,0.12240000070000001,0.1457999945,0.11439999940000001,0.1580000073,0.27910000090000003,0.3386999965,0.3373999894,0.38659998770000004,0.24899999800000003,0.1969999969,0.3617999852,4.0
0.20139999690000002,0.19660000500000002,0.2264000028,0.2194000036,0.2772000134,0.37950000170000003,0.4120999873,0.3878999949,0.7670000196000001,0.3219000101,0.2684000134,0.41949999330000004,4.0
0.1513999999,0.16200000050000002,0.1684000045,0.1552000046,0.20370000600000002,0.3149999976,0.3601000011,0.3494000137,0.5400999784,0.2799000144,0.21320000290000002,0.37119999530000003,4.0
0.12809999290000001,0.12439999730000001,0.1319999993,0.11159999670000001,0.16200000050000002,0.293599993,0.34869998690000004,0.3305999935,0.3637999892,0.2542999983,0.1978999972,0.3693000078,4.0
0.29409998660000003,0.2626000047,0.2939999998,0.2633999884,0.3118000031,0.42370000480000003,0.46039998530000004,0.4648000002,0.9743999839,0.3497999907,0.3064999878,0.47490000720000003,4.0
0.0838999972,0.0753000006,0.07469999790000001,0.10719999670000001,0.1530999988,0.25949999690000003,0.3104000092,0.24580000340000002,0.36829999090000004,0.25,0.19140000640000002,0.3267999887,5.0
0.0838999972,0.11140000080000001,0.09239999950000001,0.0760999992,0.127700001,0.252700001,0.3075999916,0.2687999904,0.36829999090000004,0.2433000058,0.1934999973,0.3357999921,5.0
0.08829999720000001,0.09340000150000001,0.0826999992,0.0788000003,0.148300007,0.2556000054,0.3001999855,0.24979999660000002,0.3357000053,0.2527999878,0.19359999900000002,0.3170999885,5.0
0.08829999720000001,0.0907000005,0.068400003,0.0856000036,0.148300007,0.2556000054,0.3001999855,0.2319999933,0.3357000053,0.2527999878,0.19359999900000002,0.3170999885,5.0
0.0838999972,0.0973000005,0.0698999986,0.0931999981,0.1530999988,0.25949999690000003,0.3104000092,0.24029999970000002,0.36829999090000004,0.25,0.19140000640000002,0.3267999887,5.0
0.1824000031,0.19859999420000002,0.2109999955,0.2078000009,0.2556000054,0.3524999917,0.3867999911,0.3763000071,0.7186999917,0.2946999967,0.2393999994,0.3889999986,5.0
0.1824000031,0.20039999490000002,0.22139999270000002,0.2116000056,0.2545999885,0.3443999887,0.3801000118,0.3783999979,0.7186999917,0.2919999957,0.2426999956,0.3849999905,5.0
0.1226999983,0.1270000041,0.1312000006,0.10159999880000001,0.13920000200000002,0.2617000043,0.3091999888,0.3129999936,0.3743999898,0.2179999948,0.1740999967,0.3282999992,5.0
0.1824000031,0.19059999290000001,0.2125999928,0.2046000063,0.2569999993,0.35499998930000004,0.3903999925,0.36959999800000004,0.7186999917,0.2976000011,0.2485000044,0.39610001440000003,5.0
0.11140000080000001,0.126000002,0.1338,0.10029999910000001,0.12890000640000002,0.2597999871,0.3116999865,0.3138000071,0.466899991,0.2056999952,0.16230000560000002,0.3330000043,5.0
0.3143000007,0.3032000065,0.3018000126,0.2908000052,0.3450999856,0.44960001110000003,0.4848000109,0.4772000015,1.0464999676,0.3720000088,0.3066000044,0.4921000004,5.0
0.0838999972,0.11620000000000001,0.0951000005,0.0710999966,0.127700001,0.252700001,0.3075999916,0.2933999896,0.36829999090000004,0.2433000058,0.1934999973,0.3357999921,5.0
0.1466999948,0.14839999380000002,0.1643999964,0.1537999958,0.20090000330000002,0.3036000133,0.3436999917,0.3251999915,0.5113999844,0.2610999942,0.2056999952,0.3610000014,5.0
0.08829999720000001,0.0719000027,0.06979999690000001,0.1045999974,0.148300007,0.2556000054,0.3001999855,0.2002999932,0.3357000053,0.2527999878,0.19359999900000002,0.3170999885,5.0
0.0851000026,0.0439999998,0.1186000034,0.10520000010000001,0.15289999540000002,0.26150000100000004,0.3036000133,0.2502000034,0.329400003,0.2542000115,0.1851000041,0.31340000030000004,5.0
0.08259999750000001,0.0834999979,0.1146000028,0.0983999968,0.15320000050000002,0.2628999949,0.3088999987,0.2851999998,0.3248000145,0.2515000105,0.1878000051,0.3262000084,5.0
0.08259999750000001,0.0738999993,0.0909999982,0.1059999987,0.1571999937,0.2524000108,0.2912999988,0.24240000550000002,0.3248000145,0.2560000122,0.1879999936,0.3097000122,5.0
0.0974999964,0.1431999952,0.15500000120000001,0.12559999530000002,0.1675000042,0.2775000036,0.31700000170000003,0.3228000104,0.4302000105,0.240899995,0.17960000040000001,0.3325999975,5.0
0.0974999964,0.1428000033,0.1534000039,0.1330000013,0.1675000042,0.2775000036,0.31700000170000003,0.3242000043,0.4302000105,0.240899995,0.17960000040000001,0.3325999975,5.0
0.1824000031,0.199000001,0.2021999955,0.1782000065,0.2383999974,0.3370000124,0.3833000064,0.36890000100000003,0.7186999917,0.2865000069,0.2390999943,0.3894999921,5.0
0.0974999964,0.1431999952,0.1529999971,0.1350000054,0.1656000018,0.2680999935,0.30939999220000003,0.3242000043,0.4302000105,0.23549999300000002,0.176699996,0.3249999881,5.0
0.10450000320000001,0.1172000021,0.1345999986,0.1262000054,0.1800999939,0.30379998680000003,0.3533000052,0.3348999918,0.3380999863,0.2606000006,0.1834000051,0.3616000116,5.0
0.118900001,0.11620000000000001,0.1371999979,0.1316000074,0.1825000048,0.3055000007,0.35830000040000004,0.3217000067,0.3589999974,0.2628000081,0.1968999952,0.36750000720000003,5.0
0.1824000031,0.19959999620000002,0.20039999490000002,0.1992000043,0.2556000054,0.3524999917,0.3867999911,0.37059998510000003,0.7186999917,0.2946999967,0.2393999994,0.3889999986,5.0
0.1824000031,0.2008000016,0.21040000020000002,0.2099999934,0.2556000054,0.3524999917,0.3867999911,0.3750999868,0.7186999917,0.2946999967,0.2393999994,0.3889999986,5.0
0.0838999972,0.1231999993,0.11439999940000001,0.0810000002,0.127700001,0.252700001,0.3075999916,0.30640000100000003,0.36829999090000004,0.2433000058,0.1934999973,0.3357999921,5.0
0.08259999750000001,0.059700001,0.0815000013,0.11159999670000001,0.1571999937,0.2524000108,0.2912999988,0.207100004,0.3248000145,0.2560000122,0.1879999936,0.3097000122,5.0
0.0851000026,0.047600001100000004,0.0945999995,0.10819999870000001,0.15289999540000002,0.26150000100000004,0.3036000133,0.2354000062,0.329400003,0.2542000115,0.1851000041,0.31340000030000004,5.0
0.08829999720000001,0.07500000300000001,0.08240000160000001,0.09130000320000001,0.148300007,0.2556000054,0.3001999855,0.22939999400000002,0.3357000053,0.2527999878,0.19359999900000002,0.3170999885,5.0
0.118900001,0.1066000015,0.1332000047,0.1272000074,0.1825000048,0.3055000007,0.35830000040000004,0.3222000003,0.3589999974,0.2628000081,0.1968999952,0.36750000720000003,5.0
0.08829999720000001,0.1093999967,0.08879999820000001,0.0700000003,0.12489999830000001,0.24179999530000001,0.2985000014,0.2664000094,0.3357000053,0.2477000058,0.1975000054,0.3204999864,5.0
0.11140000080000001,0.1509999931,0.1571999937,0.11519999800000001,0.1453000009,0.264200002,0.3073000014,0.3339000046,0.466899991,0.2166000009,0.1605000049,0.3323999941,5.0
0.09520000220000001,0.039500001800000004,0.0675000027,0.0788000003,0.139500007,0.2633000016,0.31400001050000004,0.243599996,0.3224000037,0.2277999967,0.1709000021,0.3269000053,5.0
0.10450000320000001,0.11620000000000001,0.14139999450000001,0.1404000074,0.1931000054,0.3028999865,0.3370000124,0.3251000047,0.3380999863,0.2624999881,0.1849000007,0.3574000001,5.0
0.11140000080000001,0.14239999650000001,0.1457999945,0.1146000028,0.1453000009,0.264200002,0.3073000014,0.3251999915,0.466899991,0.2166000009,0.1605000049,0.3323999941,5.0
0.1466999948,0.1547999978,0.16200000050000002,0.1444000006,0.188500002,0.2960000038,0.3332000077,0.3282999992,0.5113999844,0.2549999952,0.19609999660000002,0.34729999300000003,5.0
0.1466999948,0.1632000059,0.1625999957,0.1509999931,0.1926999986,0.2908000052,0.32339999080000004,0.3300000131,0.5113999844,0.2524999976,0.18860000370000002,0.33379998800000005,5.0
0.118900001,0.0976999998,0.126000002,0.1202000007,0.1755000055,0.2896000147,0.337500006,0.29179999230000003,0.3589999974,0.2529999912,0.1931000054,0.3589999974,5.0
0.3161999881,0.3018000126,0.3242000043,0.2899999917,0.33730000260000004,0.4487999976,0.48590001460000004,0.48759999870000004,1.0593999624,0.37059998510000003,0.3118000031,0.4943000078,5.0
0.09520000220000001,0.039500001800000004,0.072800003,0.077200003,0.139500007,0.2633000016,0.31400001050000004,0.2673999965,0.3224000037,0.2277999967,0.1709000021,0.3269000053,5.0
0.3161999881,0.2996000051,0.3177999854,0.287800014,0.33730000260000004,0.4487999976,0.48590001460000004,0.48759999870000004,1.0593999624,0.37059998510000003,0.3118000031,0.4943000078,5.0
0.1466999948,0.15000000600000002,0.16300000250000002,0.1488000005,0.181400001,0.2831999958,0.3235000074,0.3271999955,0.5113999844,0.2449000031,0.19359999900000002,0.3400000036,5.0
0.2628999949,0.2556000054,0.24760000410000002,0.2456,0.3046000004,0.3923999965,0.4248999953,0.402399987,0.9541000128,0.3348999918,0.3034000099,0.4361999929,5.0
0.2628999949,0.2576000094,0.24899999800000003,0.2545999885,0.3046000004,0.3923999965,0.4248999953,0.3986000121,0.9541000128,0.3348999918,0.3034000099,0.4361999929,5.0
0.06520000100000001,0.0860999972,0.11079999800000001,0.0848999992,0.1536000073,0.2870999873,0.3357000053,0.3269999921,0.33660000560000003,0.2460999936,0.1656000018,0.3594999909,5.0
0.09520000220000001,0.0533000007,0.0802000016,0.08160000290000001,0.1351999938,0.2569999993,0.3032000065,0.2745999992,0.3224000037,0.2187999934,0.1632000059,0.3208000064,5.0
0.09520000220000001,0.0483999997,0.0732999966,0.08160000290000001,0.1454000026,0.26519998910000003,0.3122000098,0.23880000410000002,0.3224000037,0.23430000250000002,0.17990000550000002,0.3251999915,5.0
0.0974999964,0.1376000047,0.15399999920000002,0.13140000400000001,0.1738999933,0.2829000056,0.31700000170000003,0.3228000104,0.4302000105,0.2440000027,0.1860000044,0.3361000121,5.0
0.10369999710000001,0.10260000080000001,0.1268000007,0.1220000014,0.1826000065,0.3136999905,0.37059998510000003,0.3483999968,0.3905999959,0.2829999924,0.21089999380000002,0.3957000077,5.0
0.11140000080000001,0.144600004,0.1477999985,0.1037999988,0.1453000009,0.264200002,0.3073000014,0.33539998530000004,0.466899991,0.2166000009,0.1605000049,0.3323999941,5.0
0.0242999997,0.0299999993,0.0522999987,0.0386999995,0.0895000026,0.26159998770000004,0.31700000170000003,0.2833999991,0.3508999944,0.21950000520000001,0.11800000070000001,0.342200011,6.0
0.0219000001,0.0263,0.0423000008,0.0339000002,0.0675000027,0.2149000019,0.2725999951,0.240899995,0.3072000146,0.1538999975,0.07519999890000001,0.2806000113,6.0
0.0219000001,0.0295000002,0.050799999400000004,0.032299999100000004,0.0675000027,0.2149000019,0.2725999951,0.30640000100000003,0.3072000146,0.1538999975,0.07519999890000001,0.2806000113,6.0
0.12890000640000002,0.16699999570000001,0.18379999700000002,0.121799998,0.1632999927,0.2592999935,0.293900013,0.3522000015,0.47060000900000004,0.2247000039,0.1587000042,0.3163000047,6.0
0.12890000640000002,0.1728000045,0.1907999963,0.15119999650000002,0.1632999927,0.2592999935,0.293900013,0.3472000062,0.47060000900000004,0.2247000039,0.1587000042,0.3163000047,6.0
0.0240000002,0.0364999995,0.0644000024,0.0447999984,0.0952999964,0.27410000560000003,0.33669999240000004,0.334800005,0.3264999986,0.2187999934,0.11599999670000001,0.342599988,6.0
0.025499999500000002,0.0373000018,0.0621999986,0.0408000015,0.0833000019,0.2739000022,0.33950001,0.3495000005,0.31209999320000004,0.1944999993,0.0917999968,0.3533000052,6.0
0.0240000002,0.0370000005,0.0656000003,0.055700000400000005,0.1096000001,0.2549000084,0.30140000580000004,0.32390001420000003,0.3264999986,0.23999999460000002,0.134800002,0.3217000067,6.0
0.0240000002,0.0324000008,0.058899998700000004,0.0403000005,0.0952999964,0.27410000560000003,0.33669999240000004,0.291200012,0.3264999986,0.2187999934,0.11599999670000001,0.342599988,6.0
0.025499999500000002,0.0318999998,0.0544000007,0.0344000012,0.0833000019,0.2739000022,0.33950001,0.3111999929,0.31209999320000004,0.1944999993,0.0917999968,0.3533000052,6.0
0.0242999997,0.0386999995,0.0688999966,0.0555999987,0.0895000026,0.26159998770000004,0.31700000170000003,0.3395999968,0.3508999944,0.21950000520000001,0.11800000070000001,0.342200011,6.0
0.0242999997,0.0399999991,0.0676999986,0.056200001400000005,0.0895000026,0.26159998770000004,0.31700000170000003,0.3001999855,0.3508999944,0.21950000520000001,0.11800000070000001,0.342200011,6.0
0.0242999997,0.0366000012,0.0606999993,0.0496000014,0.0846000016,0.2542000115,0.31330001350000003,0.2896000147,0.3508999944,0.2063000053,0.10419999810000001,0.329400003,6.0
0.0219000001,0.027499999900000002,0.0456000008,0.0392000005,0.0715000033,0.2168000042,0.27419999240000004,0.2442999929,0.3072000146,0.1700000018,0.0872000009,0.2969999909,6.0
0.0242999997,0.0328000002,0.0555999987,0.0458000004,0.0846000016,0.2542000115,0.31330001350000003,0.2964000106,0.3508999944,0.2063000053,0.10419999810000001,0.329400003,6.0
0.0242999997,0.0329999998,0.0555000007,0.042899999800000005,0.0859000012,0.2822999954,0.35820001360000003,0.3066000044,0.3508999944,0.20270000400000002,0.0970000029,0.3747000098,6.0
0.0219000001,0.0322000012,0.050000000700000005,0.039000000800000004,0.0675000027,0.2149000019,0.2725999951,0.2684000134,0.3072000146,0.1538999975,0.07519999890000001,0.2806000113,6.0
0.0248000007,0.0313999988,0.0650999993,0.0364000015,0.10029999910000001,0.3041999936,0.364199996,0.423999995,0.3637000024,0.2264000028,0.12399999800000001,0.3829999864,6.0
0.0242999997,0.0381000005,0.056899998300000004,0.0460000001,0.0895000026,0.26159998770000004,0.31700000170000003,0.29179999230000003,0.3508999944,0.21950000520000001,0.11800000070000001,0.342200011,6.0
0.0242999997,0.0294000003,0.0480999984,0.0335999988,0.0846000016,0.2542000115,0.31330001350000003,0.2890000045,0.3508999944,0.2063000053,0.10419999810000001,0.329400003,6.0
0.0272000004,0.0467000008,0.0838999972,0.0689999983,0.1317999959,0.26519998910000003,0.3098999858,0.29679998760000004,0.3212000132,0.22949999570000001,0.13920000200000002,0.3262999952,6.0
0.0236000009,0.0307,0.0544000007,0.0333999991,0.0811000019,0.2617999911,0.3397000134,0.3521000147,0.36829999090000004,0.2096000016,0.12049999830000001,0.3504000008,6.0
0.2470999956,0.2494000047,0.25220000740000004,0.2196000069,0.27340000870000003,0.40680000190000004,0.45230001210000004,0.4611999989,0.8827999830000001,0.332100004,0.27549999950000004,0.4718999863,6.0
0.029200000700000003,0.0353999995,0.0656000003,0.0361000001,0.08209999650000001,0.2597000003,0.3325000107,0.3616000116,0.356400013,0.200000003,0.0979999974,0.3540000021,6.0
0.029200000700000003,0.0401000008,0.0636000037,0.0394000001,0.08209999650000001,0.2597000003,0.3325000107,0.32199999690000003,0.356400013,0.200000003,0.0979999974,0.3540000021,6.0
0.2903000116,0.23039999600000002,0.26140001420000003,0.25580000880000003,0.28619998690000004,0.39649999140000003,0.4460999966,0.4296999872,0.9023000002,0.33100000020000003,0.2669999897,0.46000000830000004,6.0
0.2903000116,0.2757999897,0.3055999875,0.2669999897,0.31600001450000004,0.4147000015,0.4512999952,0.4605000019,0.9023000002,0.3438999951,0.2939999998,0.4639999866,6.0
0.2903000116,0.2849999964,0.3106000125,0.2761999965,0.33230000730000003,0.4257999957,0.4625999928,0.4663999975,0.9023000002,0.3544999957,0.3059999943,0.47420001030000003,6.0
0.11209999770000001,0.1850000024,0.178399995,0.1588000059,0.2056999952,0.3384999931,0.3801000118,0.3959000111,0.3973999918,0.3077999949,0.2115000039,0.4023000002,6.0
0.11209999770000001,0.1713999957,0.1800000072,0.14239999650000001,0.1855999976,0.3235999942,0.3720000088,0.39480000730000003,0.3973999918,0.291200012,0.1897000074,0.3912999928,6.0
0.11209999770000001,0.1712000072,0.1801999956,0.14939999580000002,0.1982000023,0.3321999907,0.3783000112,0.3919999897,0.3973999918,0.29800000790000003,0.1937000006,0.3899999857,6.0
0.0289999992,0.0392999984,0.0669,0.0377999991,0.0860999972,0.2921999991,0.3562999964,0.34099999070000003,0.33860000970000004,0.19560000300000002,0.0913999975,0.3720999956,6.0
0.0289999992,0.0342000015,0.0588000007,0.035000000100000005,0.0860999972,0.2921999991,0.3562999964,0.3296000063,0.33860000970000004,0.19560000300000002,0.0913999975,0.3720999956,6.0
0.2903000116,0.2386000007,0.2632000148,0.2583999932,0.28619998690000004,0.39649999140000003,0.4460999966,0.4302999973,0.9023000002,0.33100000020000003,0.2669999897,0.46000000830000004,6.0
0.0236000009,0.034299999500000004,0.060400001700000004,0.035000000100000005,0.0846000016,0.2739000022,0.3350000083,0.38080000880000003,0.3411000073,0.1920000017,0.0966999978,0.3811999857,6.0
0.0236000009,0.0357000008,0.062100000700000005,0.038199998400000004,0.0940999985,0.2962000072,0.3652999997,0.3517999947,0.3411000073,0.20190000530000002,0.1023000032,0.37689998750000003,6.0
0.0289999992,0.0362000018,0.0656000003,0.0346999988,0.0860999972,0.2921999991,0.3562999964,0.3700999916,0.33860000970000004,0.19560000300000002,0.0913999975,0.3720999956,6.0
0.0289999992,0.0362000018,0.0683000013,0.035000000100000005,0.0860999972,0.2921999991,0.3562999964,0.3713999987,0.33860000970000004,0.19560000300000002,0.0913999975,0.3720999956,6.0
0.0252999999,0.0337000005,0.0557999983,0.0419999994,0.0872000009,0.2536000013,0.3167999983,0.2709999979,0.36520001290000004,0.19990000130000002,0.10419999810000001,0.3362999856,6.0
0.10649999980000001,0.0886999965,0.10719999670000001,0.0979999974,0.1450999975,0.271600008,0.3219000101,0.29679998760000004,0.3357999921,0.22599999610000002,0.1666000038,0.3350999951,6.0
0.10649999980000001,0.0856999978,0.1049999967,0.0986000001,0.1450999975,0.271600008,0.3219000101,0.298299998,0.3357999921,0.22599999610000002,0.1666000038,0.3350999951,6.0
0.10649999980000001,0.0922999978,0.11079999800000001,0.1040000021,0.1477999985,0.271299988,0.3249999881,0.2978000045,0.3357999921,0.23180000480000001,0.17530000210000002,0.3398000002,6.0
0.10649999980000001,0.0899000019,0.1121999994,0.1077999994,0.1450999975,0.271600008,0.3219000101,0.29010000820000004,0.3357999921,0.22599999610000002,0.1666000038,0.3350999951,6.0
0.0252999999,0.0305000003,0.053199999000000005,0.0318999998,0.0838999972,0.2872999907,0.36259999870000004,0.3621000051,0.36520001290000004,0.19660000500000002,0.10080000010000001,0.3804999888,6.0
0.2903000116,0.30939999220000003,0.2890000045,0.25880000000000003,0.3215000033,0.4266000092,0.46439999340000004,0.4663999975,0.9023000002,0.35559999940000003,0.3012999892,0.4771000147,6.0
0.2903000116,0.3124000132,0.3001999855,0.26780000330000003,0.3215000033,0.4266000092,0.46439999340000004,0.4740000069,0.9023000002,0.35559999940000003,0.3012999892,0.4771000147,6.0
0.3154999912,0.3215999901,0.3104000092,0.2766000032,0.3415000141,0.43939998750000003,0.4726999998,0.47799998520000003,1.0838999748,0.3657999933,0.3052999973,0.4830000103,6.0
0.3154999912,0.3251999915,0.3145999908,0.29539999370000003,0.35069999100000004,0.44339999560000004,0.4688999951,0.4751999974,1.0838999748,0.3680999875,0.3061000109,0.4751999974,6.0
0.2903000116,0.2666000128,0.28279998900000003,0.2524000108,0.3086000085,0.4158000052,0.45469999310000003,0.4542999864,0.9023000002,0.3468999863,0.2946999967,0.4691999853,6.0
0.2903000116,0.2939999998,0.2919999957,0.2536000013,0.3086000085,0.4158000052,0.45469999310000003,0.467200011,0.9023000002,0.3468999863,0.2946999967,0.4691999853,6.0
